{
    "info": {
        "u19bc953899bd9830f683ec11f85f6056": "SHAHID",
        "u2073c8e6a3390662303be645a595ee1c": "shahid",
        "u21825adb40fe4182c27698ba3b6321bf": "superfastxpT",
        "u3f12eb34359e5d5fa905c7fae1a4215a": "nima",
        "u63a506c283d722532e9bc3ac74849337": "BOTGoodBye",
        "u67c28e0cf89b2c3aa188ff8b3c5f06a3": "rc",
        "u7117c2d956015d8cd118f15754164354": "แอดมิน2",
        "u82e178c344f9105bf7c4ba99f8ce8fcc": "BOTWelcome",
        "u8a0d9278160870c90b28251b2905d8c0": "7789",
        "u8eee1bc94e9a8ee6bfd5a092da3076ad": "CTG",
        "u900d5beca481af9f49816397fa047ced": "แอดมิน",
        "uece319f10566afcf4db985242230d643": "47",
        "ufd8bcc78c30dd9de7fb5a237ae33b177": "krishna"
    },
    "limit": {},
    "name": {
        "47": {
            "mid": "uece319f10566afcf4db985242230d643",
            "pay": 1561298937.715865,
            "runtime": 1561126137.715865,
            "token": "EGS6SyKlmFaGBAIp9OG3.7omz8qvMR89nUyuKiJdwqW.90BOiYrG7SuRkb2KX2b9wjJKAxxWPPhX4HewpGt9xlM="
        },
        "7789": {
            "mid": "u8a0d9278160870c90b28251b2905d8c0",
            "pay": 3138242051.376146,
            "runtime": 1561355651.3761458,
            "token": "EGS1FuOiQoZXtjOWwsd0.IG2sEbyiCmKlkcuBkqxyWa.mm2l2qK4pSZQv4iz9W0ZWQM4cpAhjcatDCKffr2drpI="
        },
        "BOTGoodBye": {
            "mid": "u63a506c283d722532e9bc3ac74849337",
            "pay": 3137121173.9669886,
            "runtime": 1560234773.9669883,
            "token": "EFeS7LbuM0p3Xi2Ncuf7.y6ugWOpxiLmUM8oSDistnW.eq9u6re3UCCATJMAhsdiyDKC3IphOjSsoscWBTEBDBs="
        },
        "BOTWelcome": {
            "mid": "u82e178c344f9105bf7c4ba99f8ce8fcc",
            "pay": 3137121232.8797097,
            "runtime": 1560234832.8797097,
            "token": "EF6nYZIsJoz27LrhCtgc.GUf4W0t5efV3XlQz/m6pZa.UhoNB8X8v3FsPF5t/IMyxNGekFaiwNDcrFEfejQIuvQ="
        },
        "CTG": {
            "mid": "u8eee1bc94e9a8ee6bfd5a092da3076ad",
            "pay": 1561308875.5970507,
            "runtime": 1561222475.5970507,
            "token": "EG8oihn2Nas3F71pH2Id.JU4BYu6AJUA+1Acs2Jb2Rq.Tek7Z1SXfYe6AiFLpGLi5aSeq9RMM68CDjNGDbzX3/M="
        },
        "SHAHID": {
            "mid": "u19bc953899bd9830f683ec11f85f6056",
            "pay": 1561643536.210596,
            "runtime": 1561297936.210596,
            "token": "EGZuf1WVdd4mCXDaHpC6.gBYvojM9Mdd2G/Wr/f9GvG.Fot6NTubtBK6hU8UFQ1eEbXOKCXqjTqCTClfm7I6qPs="
        },
        "krishna": {
            "mid": "ufd8bcc78c30dd9de7fb5a237ae33b177",
            "pay": 1561185917.3878472,
            "runtime": 1561099517.3878472,
            "token": "EGQz5suxjZoec3Rt68w7.+yVmEmmn2D5+TAi3RJoXDW.aZSAnh0RfIJQ2um0ZglXXffVnktdHWUoDOeSWIQE770="
        },
        "nima": {
            "mid": "u3f12eb34359e5d5fa905c7fae1a4215a",
            "pay": 1561298773.700129,
            "runtime": 1561125973.700129,
            "token": "EGZoraMdvipdNUx5uRIa.pXlRndwExv/PbCF64AqHwG.uCsv16wyqb35RB8NGGAJk+9rxS0hY+tGvIw19jxf/Aw="
        },
        "rc": {
            "mid": "u67c28e0cf89b2c3aa188ff8b3c5f06a3",
            "pay": 3138009716.761531,
            "runtime": 1561123316.7615309,
            "token": "EGlkDN6sr12myvydGjPa.pXlRndwExv/PbCF64AqHwG.lxv8jgzFphMAT2qWytWaOS8ObVaoHmD7u4LoKYdX1hA="
        },
        "shahid": {
            "mid": "u2073c8e6a3390662303be645a595ee1c",
            "pay": 1561383240.662497,
            "runtime": 1561296840.662497,
            "token": "EGDPQyJqkSJxUr8cI1ic.ihpi5Qm5bMiWo/zfPzxUha.lNhmelavfpb1L4+BJkaF1u1Rm9crFmSe1UTxWEZMv9Y="
        },
        "superfastxpT": {
            "mid": "u21825adb40fe4182c27698ba3b6321bf",
            "pay": 1561382425.0979657,
            "runtime": 1561123225.0979657,
            "token": "EGbttOFaNJYiVgCbkmuf.iyjA20d/qylcDPI6o2mHVW.kP7A1Ri7awnw7kJJccHCzyoRYCLDH9HOL3/FJ9BKBPQ="
        },
        "แอดมิน": {
            "mid": "u900d5beca481af9f49816397fa047ced",
            "pay": 4713887141.2278185,
            "runtime": 1560200741.2278187,
            "token": "EGhKu3ihOS8ElhyCgPFd.Ka1B7ksbR59jGwox/Gr87q.N4BHfoXpIN//VmV5nfuQk4WlKphbIxDqA3j8kuqhQe0="
        },
        "แอดมิน2": {
            "mid": "u7117c2d956015d8cd118f15754164354",
            "pay": 4713887225.679523,
            "runtime": 1560200825.6795235,
            "token": "EGlRD2zwPpPqiveAyqh4.CrFc2vybxyZrgpfxvbzdva.snS/RUOIdRwRlr6XDOaj64C2zXDK6udgpX4EcB14O4M="
        }
    }
}